{
  "IcoMoonType": "selection",
  "icons": [
    {
      "icon": {
        "paths": [
          "M853.693 233.79l-63.054-63.051-249.967 249.969-249.969-249.969-63.051 63.051 249.969 249.969-249.969 249.967 63.051 63.054 249.969-249.969 249.967 249.969 63.054-63.054-249.967-249.967 249.967-249.969z"
        ],
        "attrs": [
          {}
        ],
        "isMulticolor": false,
        "isMulticolor2": false,
        "grid": 0,
        "tags": [
          "black"
        ]
      },
      "attrs": [
        {}
      ],
      "properties": {
        "order": 42,
        "id": 0,
        "name": "black",
        "prevSize": 32
      },
      "setIdx": 1,
      "setId": 6,
      "iconIdx": 0
    },
    {
      "icon": {
        "paths": [
          "M853.641 384.136c-15.756 0-30.532 4.293-43.228 11.774-4.77-42.598-40.994-75.797-84.817-75.797-20.846 0-39.995 7.544-54.874 20.111-14.943-24.821-42.142-41.453-73.174-41.453-15.526 0-30.114 4.167-42.681 11.462v-224.87c-0.002-47.080-38.286-85.364-85.365-85.364s-85.364 38.284-85.364 85.364v571.164c0 10.749-7.087 16.275-10.13 18.15s-11.234 5.73-20.757 0.935l-137.048-68.521c-12.484-6.252-26.468-9.546-40.43-9.546-49.852 0-90.407 40.556-90.407 90.41v16.294c0 5.916 2.459 11.569 6.773 15.609l246.317 229.893c51.558 48.1 118.792 74.612 189.295 74.612h133.815c152.976 0 277.436-124.46 277.436-277.43v-277.434c0-47.080-38.286-85.364-85.362-85.364zM896.318 746.934c0 129.441-105.305 234.746-234.746 234.746h-133.819c-59.647 0-116.542-22.421-160.161-63.146l-239.545-223.555v-7.023c0-26.326 21.403-47.729 47.725-47.729 7.356 0 14.755 1.748 21.341 5.045l137.049 68.524c19.987 10.026 43.285 8.918 62.292-2.791 19.006-11.755 30.365-32.12 30.365-54.477v-571.164c0-23.528 19.152-42.681 42.681-42.681s42.681 19.153 42.681 42.681v320.114c0 11.796 9.545 21.342 21.341 21.342s21.342-9.546 21.342-21.342v-21.341c0-23.528 19.152-42.681 42.681-42.681s42.681 19.153 42.681 42.681v21.488c0.083 11.712 9.61 21.195 21.339 21.195 11.799 0 21.345-9.546 21.345-21.342v-0.334c0.166-23.362 19.296-42.348 42.678-42.348 23.528 0 42.684 19.152 42.684 42.681v64.023c0 11.796 9.546 21.342 21.339 21.342 11.799 0 21.345-9.546 21.345-21.342 0-23.528 19.149-42.681 42.678-42.681s42.684 19.152 42.684 42.683v277.434z"
        ],
        "attrs": [
          {}
        ],
        "isMulticolor": false,
        "isMulticolor2": false,
        "grid": 0,
        "tags": [
          "finger"
        ]
      },
      "attrs": [
        {}
      ],
      "properties": {
        "order": 43,
        "id": 2,
        "name": "finger",
        "prevSize": 32
      },
      "setIdx": 2,
      "setId": 5,
      "iconIdx": 0
    }
  ],
  "height": 1024,
  "preferences": {
    "showGlyphs": true,
    "showQuickUse": true,
    "showQuickUse2": false,
    "showSVGs": true,
    "fontPref": {
      "prefix": "icon-",
      "metadata": {
        "fontFamily": "icomoon"
      },
      "metrics": {
        "emSize": 1024,
        "baseline": 6.25,
        "whitespace": 50
      },
      "embed": false
    },
    "imagePref": {
      "prefix": "",
      "png": false,
      "useClassSelector": true,
      "color": 0,
      "bgColor": 16777215,
      "classSelector": ".icon",
      "name": "fin",
      "height": 32,
      "columns": 16,
      "margin": 16,
      "autoHost": true,
      "numPrefix": false
    },
    "historySize": 50,
    "showCodes": true,
    "gridSize": 16,
    "quickUsageToken": {
      "UntitledProject": "ZDk1NWM3OTdjOWI0OTk4ZTVkNTdjMjcxZjI2MDgzNjcjMSMxNjUwOTYxMTgzIyMjOWZmYTJkMTY2Y2Jm"
    }
  }
}